{"value": "Af Networks", "dateAdded": "2021-12-09T18:42:30-06:00"},
{"value": "Afnetworks", "dateAdded": "2021-12-09T18:42:30-06:00"},
{"value": "Ali Agenzia Libraria International Srl", "dateAdded": "2021-12-09T18:42:30-06:00"},
{"value": "Altushost Sweden Network", "dateAdded": "2021-12-09T18:42:30-06:00"},
{"value": "Amanah Tech Inc.", "dateAdded": "2021-12-09T18:42:30-06:00"},
{"value": "Anexia", "dateAdded": "2021-12-09T18:42:30-06:00"},
{"value": "Anexia Inc.", "dateAdded": "2021-12-09T18:42:30-06:00"},
{"value": "Anexia South America Sociedad Anonima", "dateAdded": "2021-12-09T18:42:30-06:00"},
{"value": "Apna Infotech Private Limited", "dateAdded": "2021-12-09T18:42:30-06:00"},
{"value": "Areti Internet Llc", "dateAdded": "2021-12-09T18:42:30-06:00"},
{"value": "Atl Ii. Ipv4 Route", "dateAdded": "2021-12-09T18:42:30-06:00"},
{"value": "Atlantic Metro Communications Ii  Inc.", "dateAdded": "2021-12-09T18:42:30-06:00"},
{"value": "Atlantic Metro Communications Ii  Inc. - Japan", "dateAdded": "2021-12-09T18:42:30-06:00"},
{"value": "Avast Software", "dateAdded": "2021-12-09T18:42:30-06:00"},
{"value": "Avast Software S.r.o.", "dateAdded": "2021-12-09T18:42:30-06:00"},
{"value": "Avfx  Inc.", "dateAdded": "2021-12-09T18:42:30-06:00"},
{"value": "Axcelx Technologies Llc", "dateAdded": "2021-12-09T18:42:30-06:00"},
{"value": "B2 Net Solutions Inc.", "dateAdded": "2021-12-09T18:42:30-06:00"},
{"value": "Bandcon", "dateAdded": "2021-12-09T18:42:30-06:00"},
{"value": "Bandwidthtechnologiesltd", "dateAdded": "2021-12-09T18:42:30-06:00"},
{"value": "Black Oak Computers Inc - Miami", "dateAdded": "2021-12-09T18:42:30-06:00"},
{"value": "Black Oak Computers Inc - New York", "dateAdded": "2021-12-09T18:42:30-06:00"},
{"value": "Black Oak Computers Inc - Washington Dc", "dateAdded": "2021-12-09T18:42:30-06:00"},
{"value": "Borsani Rag. Attilio", "dateAdded": "2021-12-09T18:42:30-06:00"},
{"value": "Broadband Access Pool", "dateAdded": "2021-12-09T18:42:30-06:00"},
{"value": "Bulgarian Network", "dateAdded": "2021-12-09T18:42:30-06:00"},
{"value": "Buyvm", "dateAdded": "2021-12-09T18:42:30-06:00"},
{"value": "Cdn77 Mad", "dateAdded": "2021-12-09T18:42:30-06:00"},
{"value": "Cdn77 Milan", "dateAdded": "2021-12-09T18:42:30-06:00"},
{"value": "Cdn77 Singapore", "dateAdded": "2021-12-09T18:42:30-06:00"},
{"value": "Cdn77 Tokyo", "dateAdded": "2021-12-09T18:42:30-06:00"},
{"value": "Cdn77.com", "dateAdded": "2021-12-09T18:42:30-06:00"},
{"value": "Charles River Operation", "dateAdded": "2021-12-09T18:42:30-06:00"},
{"value": "Cia Triad Security Llc", "dateAdded": "2021-12-09T18:42:30-06:00"},
{"value": "Cloudip Llc", "dateAdded": "2021-12-09T18:42:30-06:00"},
{"value": "Colocrossing", "dateAdded": "2021-12-09T18:42:30-06:00"},
{"value": "Cooley  Manion  Moore & Jones  Llp", "dateAdded": "2021-12-09T18:42:30-06:00"},
{"value": "Corepacket Llc.", "dateAdded": "2021-12-09T18:42:30-06:00"},
{"value": "Data Miners S.a. ( Racknation.cr )", "dateAdded": "2021-12-09T18:42:30-06:00"},
{"value": "Datacamp Limited", "dateAdded": "2021-12-09T18:42:30-06:00"},
{"value": "Dedipath", "dateAdded": "2021-12-09T18:42:30-06:00"},
{"value": "Digital Energy Technologies Chile Spa", "dateAdded": "2021-12-09T18:42:30-06:00"},
{"value": "Digital Energy Technologies Limited", "dateAdded": "2021-12-09T18:42:30-06:00"},
{"value": "Digitalocean  Llc", "dateAdded": "2021-12-09T18:42:30-06:00"},
{"value": "Digitalserver Web Hosting En M Xico", "dateAdded": "2021-12-09T18:42:30-06:00"},
{"value": "Dominios.pt Dedicated Server", "dateAdded": "2021-12-09T18:42:30-06:00"},
{"value": "E-sydney", "dateAdded": "2021-12-09T18:42:30-06:00"},
{"value": "Edis Infrastructure in Saint Petersburg  Russia", "dateAdded": "2021-12-09T18:42:30-06:00"},
{"value": "Edis Infrastructure in Spain", "dateAdded": "2021-12-09T18:42:30-06:00"},
{"value": "Egihosting", "dateAdded": "2021-12-09T18:42:30-06:00"},
{"value": "Esecuredata", "dateAdded": "2021-12-09T18:42:30-06:00"},
{"value": "Estnoc-global", "dateAdded": "2021-12-09T18:42:30-06:00"},
{"value": "Express-equinix-london", "dateAdded": "2021-12-09T18:42:30-06:00"},
{"value": "Expressvpn", "dateAdded": "2021-12-09T18:42:30-06:00"},
{"value": "F-secure Freedome", "dateAdded": "2021-12-09T18:42:30-06:00"},
{"value": "Fdcservers.net", "dateAdded": "2021-12-09T18:42:30-06:00"},
{"value": "Fork Networking  Llc", "dateAdded": "2021-12-09T18:42:30-06:00"},
{"value": "Frantech Solutions", "dateAdded": "2021-12-09T18:42:30-06:00"},
{"value": "G-core Labs Customer Assignment", "dateAdded": "2021-12-09T18:42:30-06:00"},
{"value": "G-core Labs S.a.", "dateAdded": "2021-12-09T18:42:30-06:00"},
{"value": "Galore Game Servers", "dateAdded": "2021-12-09T18:42:30-06:00"},
{"value": "Genius Computer Company Brasil Ltda", "dateAdded": "2021-12-09T18:42:30-06:00"},
{"value": "Gigenet", "dateAdded": "2021-12-09T18:42:30-06:00"},
{"value": "Giorgio Giamminola & C. Spa", "dateAdded": "2021-12-09T18:42:30-06:00"},
{"value": "Global Frag Networks", "dateAdded": "2021-12-09T18:42:30-06:00"},
{"value": "Godaddy.com  Llc", "dateAdded": "2021-12-09T18:42:30-06:00"},
{"value": "Green Floid Llc", "dateAdded": "2021-12-09T18:42:30-06:00"},
{"value": "Gsl Networks Pty Ltd", "dateAdded": "2021-12-09T18:42:30-06:00"},
{"value": "Gthost", "dateAdded": "2021-12-09T18:42:30-06:00"},
{"value": "H4y Technologies Llc", "dateAdded": "2021-12-09T18:42:30-06:00"},
{"value": "Hashpower Unipessoal Lda", "dateAdded": "2021-12-09T18:42:30-06:00"},
{"value": "Host Universal Pty Ltd Perth Services", "dateAdded": "2021-12-09T18:42:30-06:00"},
{"value": "Host Universal Pty Ltd Sydney Services", "dateAdded": "2021-12-09T18:42:30-06:00"},
{"value": "Hostdime Com. Co S.a.s.", "dateAdded": "2021-12-09T18:42:30-06:00"},
{"value": "Hostdime.com.mx S.a. De C.v.", "dateAdded": "2021-12-09T18:42:30-06:00"},
{"value": "Hosting Services  Inc.", "dateAdded": "2021-12-09T18:42:30-06:00"},
{"value": "Hosting Services Inc. (dba Midphase)", "dateAdded": "2021-12-09T18:42:30-06:00"},
{"value": "Hosting Solution Ltd.", "dateAdded": "2021-12-09T18:42:30-06:00"},
{"value": "Hostroyale Technologies", "dateAdded": "2021-12-09T18:42:30-06:00"},
{"value": "Hostroyale Technologies Pvt Ltd", "dateAdded": "2021-12-09T18:42:30-06:00"},
{"value": "Hostzone Tecnologia Ltda", "dateAdded": "2021-12-09T18:42:30-06:00"},
{"value": "Hoyos Consulting Llc", "dateAdded": "2021-12-09T18:42:30-06:00"},
{"value": "Ibm - Industry Cloud Solutions Enablement", "dateAdded": "2021-12-09T18:42:30-06:00"},
{"value": "Idigital Internet Toronto", "dateAdded": "2021-12-09T18:42:30-06:00"},
{"value": "Ifx Networks Colombia", "dateAdded": "2021-12-09T18:42:30-06:00"},
{"value": "Iliad", "dateAdded": "2021-12-09T18:42:30-06:00"},
{"value": "Incx Global  Llc", "dateAdded": "2021-12-09T18:42:30-06:00"},
{"value": "Interbs S.r.l. (baehost)", "dateAdded": "2021-12-09T18:42:30-06:00"},
{"value": "Intergrid (new Zealand) Limited", "dateAdded": "2021-12-09T18:42:30-06:00"},
{"value": "Intergrid Group Pty. Ltd.", "dateAdded": "2021-12-09T18:42:30-06:00"},
{"value": "Interserver  Inc", "dateAdded": "2021-12-09T18:42:30-06:00"},
{"value": "Interstar Network Services", "dateAdded": "2021-12-09T18:42:30-06:00"},
{"value": "Istanbuldc Veri Merkezi Ltd. Sti.", "dateAdded": "2021-12-09T18:42:30-06:00"},
{"value": "Leaseweb Asia Pacific - Hong Kong", "dateAdded": "2021-12-09T18:42:30-06:00"},
{"value": "Leaseweb Deutschland Gmbh", "dateAdded": "2021-12-09T18:42:30-06:00"},
{"value": "Leaseweb Netherlands B.v.", "dateAdded": "2021-12-09T18:42:30-06:00"},
{"value": "Leaseweb Uk Limited", "dateAdded": "2021-12-09T18:42:30-06:00"},
{"value": "Leaseweb Usa  Inc.", "dateAdded": "2021-12-09T18:42:30-06:00"},
{"value": "Leaseweb Usa  Inc. Los Angeles", "dateAdded": "2021-12-09T18:42:30-06:00"},
{"value": "Leaseweb Usa  Inc. Pheonix", "dateAdded": "2021-12-09T18:42:30-06:00"},
{"value": "Linode", "dateAdded": "2021-12-09T18:42:30-06:00"},
{"value": "M247 Europe Srl", "dateAdded": "2021-12-09T18:42:30-06:00"},
{"value": "M247 Los Angeles Infrastructure", "dateAdded": "2021-12-09T18:42:30-06:00"},
{"value": "M247 Ltd", "dateAdded": "2021-12-09T18:42:30-06:00"},
{"value": "M247 Ltd Amsterdam", "dateAdded": "2021-12-09T18:42:30-06:00"},
{"value": "M247 Ltd Amsterdam Infrastructure", "dateAdded": "2021-12-09T18:42:30-06:00"},
{"value": "M247 Ltd Barcelona", "dateAdded": "2021-12-09T18:42:30-06:00"},
{"value": "M247 Ltd Barcelona Network", "dateAdded": "2021-12-09T18:42:30-06:00"},
{"value": "M247 Ltd Belgrade", "dateAdded": "2021-12-09T18:42:30-06:00"},
{"value": "M247 Ltd Berlin", "dateAdded": "2021-12-09T18:42:30-06:00"},
{"value": "M247 Ltd Bratislava Infrastructure", "dateAdded": "2021-12-09T18:42:30-06:00"},
{"value": "M247 Ltd Brussels", "dateAdded": "2021-12-09T18:42:30-06:00"},
{"value": "M247 Ltd Budapest Infrastructure", "dateAdded": "2021-12-09T18:42:30-06:00"},
{"value": "M247 Ltd Colocation Services", "dateAdded": "2021-12-09T18:42:30-06:00"},
{"value": "M247 Ltd Copenhagen Infrastructure", "dateAdded": "2021-12-09T18:42:30-06:00"},
{"value": "M247 Ltd Dublin", "dateAdded": "2021-12-09T18:42:30-06:00"},
{"value": "M247 Ltd Frankfurt", "dateAdded": "2021-12-09T18:42:30-06:00"},
{"value": "M247 Ltd Frankfurt 2", "dateAdded": "2021-12-09T18:42:30-06:00"},
{"value": "M247 Ltd Frankfurt Infrastructure", "dateAdded": "2021-12-09T18:42:30-06:00"},
{"value": "M247 Ltd Hong Kong", "dateAdded": "2021-12-09T18:42:30-06:00"},
{"value": "M247 Ltd Las Vegas", "dateAdded": "2021-12-09T18:42:30-06:00"},
{"value": "M247 Ltd London Infrastructure", "dateAdded": "2021-12-09T18:42:30-06:00"},
{"value": "M247 Ltd Los Angeles Infrastructure", "dateAdded": "2021-12-09T18:42:30-06:00"},
{"value": "M247 Ltd Madrid", "dateAdded": "2021-12-09T18:42:30-06:00"},
{"value": "M247 Ltd Madrid Infrastructure", "dateAdded": "2021-12-09T18:42:30-06:00"},
{"value": "M247 Ltd Manchester Infrastructure", "dateAdded": "2021-12-09T18:42:30-06:00"},
{"value": "M247 Ltd Miami", "dateAdded": "2021-12-09T18:42:30-06:00"},
{"value": "M247 Ltd Milan Infrastructure", "dateAdded": "2021-12-09T18:42:30-06:00"},
{"value": "M247 Ltd New Jersey", "dateAdded": "2021-12-09T18:42:30-06:00"},
{"value": "M247 Ltd New York", "dateAdded": "2021-12-09T18:42:30-06:00"},
{"value": "M247 Ltd New York Infrastructure", "dateAdded": "2021-12-09T18:42:30-06:00"},
{"value": "M247 Ltd Oslo Infrastructure", "dateAdded": "2021-12-09T18:42:30-06:00"},
{"value": "M247 Ltd Paris", "dateAdded": "2021-12-09T18:42:30-06:00"},
{"value": "M247 Ltd Paris Infrastructure", "dateAdded": "2021-12-09T18:42:30-06:00"},
{"value": "M247 Ltd Phoenix", "dateAdded": "2021-12-09T18:42:30-06:00"},
{"value": "M247 Ltd Prague Infrastructure", "dateAdded": "2021-12-09T18:42:30-06:00"},
{"value": "M247 Ltd Quebec", "dateAdded": "2021-12-09T18:42:30-06:00"},
{"value": "M247 Ltd Quebec Infrastructure", "dateAdded": "2021-12-09T18:42:30-06:00"},
{"value": "M247 Ltd Rome Network", "dateAdded": "2021-12-09T18:42:30-06:00"},
{"value": "M247 Ltd Singapore Infrastructure", "dateAdded": "2021-12-09T18:42:30-06:00"},
{"value": "M247 Ltd Sofia Infrastructure", "dateAdded": "2021-12-09T18:42:30-06:00"},
{"value": "M247 Ltd Stockholm", "dateAdded": "2021-12-09T18:42:30-06:00"},
{"value": "M247 Ltd Sydney", "dateAdded": "2021-12-09T18:42:30-06:00"},
{"value": "M247 Ltd Tokyo Infrastructure", "dateAdded": "2021-12-09T18:42:30-06:00"},
{"value": "M247 Ltd Vienna Infrastructure", "dateAdded": "2021-12-09T18:42:30-06:00"},
{"value": "M247 Ltd Warsaw", "dateAdded": "2021-12-09T18:42:30-06:00"},
{"value": "M247 Ltd Warsaw Infrastructure", "dateAdded": "2021-12-09T18:42:30-06:00"},
{"value": "M247 Ltd Zurich", "dateAdded": "2021-12-09T18:42:30-06:00"},
{"value": "M247 Ltd Zurich Infrastructure", "dateAdded": "2021-12-09T18:42:30-06:00"},
{"value": "M247 Miami Infrastructure", "dateAdded": "2021-12-09T18:42:30-06:00"},
{"value": "M247 New Jersey Infrastructure", "dateAdded": "2021-12-09T18:42:30-06:00"},
{"value": "M247-ltd-milan-network", "dateAdded": "2021-12-09T18:42:30-06:00"},
{"value": "Marketing By Design", "dateAdded": "2021-12-09T18:42:30-06:00"},
{"value": "Maxihost Llc", "dateAdded": "2021-12-09T18:42:30-06:00"},
{"value": "Maxihost Ltda", "dateAdded": "2021-12-09T18:42:30-06:00"},
{"value": "Mudhook Marketing Inc", "dateAdded": "2021-12-09T18:42:30-06:00"},
{"value": "Net3 Inc.", "dateAdded": "2021-12-09T18:42:30-06:00"},
{"value": "Netprotect", "dateAdded": "2021-12-09T18:42:30-06:00"},
{"value": "Netprotect Sjc", "dateAdded": "2021-12-09T18:42:30-06:00"},
{"value": "Netprotect-phx", "dateAdded": "2021-12-09T18:42:30-06:00"},
{"value": "Nexeon Technologies  Inc.", "dateAdded": "2021-12-09T18:42:30-06:00"},
{"value": "Nforce Entertainment B.v.", "dateAdded": "2021-12-09T18:42:30-06:00"},
{"value": "Noc4hosts Inc.", "dateAdded": "2021-12-09T18:42:30-06:00"},
{"value": "Nordvpn (us)", "dateAdded": "2021-12-09T18:42:30-06:00"},
{"value": "Nordvpn-20200819-atl", "dateAdded": "2021-12-09T18:42:30-06:00"},
{"value": "Nordvpn-20200819-la", "dateAdded": "2021-12-09T18:42:30-06:00"},
{"value": "Nordvpn-20200819-nyc", "dateAdded": "2021-12-09T18:42:30-06:00"},
{"value": "Nordvpn-20210319-atl", "dateAdded": "2021-12-09T18:42:30-06:00"},
{"value": "Nuclearfallout Enterprises  Inc.", "dateAdded": "2021-12-09T18:42:30-06:00"},
{"value": "One Liberty Ventures", "dateAdded": "2021-12-09T18:42:30-06:00"},
{"value": "Oneprovider", "dateAdded": "2021-12-09T18:42:30-06:00"},
{"value": "Online Sas", "dateAdded": "2021-12-09T18:42:30-06:00"},
{"value": "Overkill Beta S.r.o.", "dateAdded": "2021-12-09T18:42:30-06:00"},
{"value": "Ovh (nwk)", "dateAdded": "2021-12-09T18:42:30-06:00"},
{"value": "Ovh Australia Pty Ltd", "dateAdded": "2021-12-09T18:42:30-06:00"},
{"value": "Ovh Gmbh", "dateAdded": "2021-12-09T18:42:30-06:00"},
{"value": "Ovh Hosting  Inc.", "dateAdded": "2021-12-09T18:42:30-06:00"},
{"value": "Ovh Ltd", "dateAdded": "2021-12-09T18:42:30-06:00"},
{"value": "Ovh Sas", "dateAdded": "2021-12-09T18:42:30-06:00"},
{"value": "Packetexchange  Inc", "dateAdded": "2021-12-09T18:42:30-06:00"},
{"value": "Packethub S.a.", "dateAdded": "2021-12-09T18:42:30-06:00"},
{"value": "Panq B.v.", "dateAdded": "2021-12-09T18:42:30-06:00"},
{"value": "Paradise Networks Llc", "dateAdded": "2021-12-09T18:42:30-06:00"},
{"value": "Performive Llc", "dateAdded": "2021-12-09T18:42:30-06:00"},
{"value": "Powerhouse Management  Inc.", "dateAdded": "2021-12-09T18:42:30-06:00"},
{"value": "Prcdn Consumer Pool", "dateAdded": "2021-12-09T18:42:30-06:00"},
{"value": "Private Customer", "dateAdded": "2021-12-09T18:42:30-06:00"},
{"value": "Privax Ltd (avast Software S.r.o.)", "dateAdded": "2021-12-09T18:42:30-06:00"},
{"value": "Privax Ltd Belgium", "dateAdded": "2021-12-09T18:42:30-06:00"},
{"value": "Protonvpn", "dateAdded": "2021-12-09T18:42:30-06:00"},
{"value": "Psinet  Inc.", "dateAdded": "2021-12-09T18:42:30-06:00"},
{"value": "Psychz Networks", "dateAdded": "2021-12-09T18:42:30-06:00"},
{"value": "Psychz Networks Dallas", "dateAdded": "2021-12-09T18:42:30-06:00"},
{"value": "Psychz Networks Za - Cloud Services", "dateAdded": "2021-12-09T18:42:30-06:00"},
{"value": "Pt Hutchison 3 Indonesia", "dateAdded": "2021-12-09T18:42:30-06:00"},
{"value": "Qnax Ltda", "dateAdded": "2021-12-09T18:42:30-06:00"},
{"value": "Quadranet  Inc", "dateAdded": "2021-12-09T18:42:30-06:00"},
{"value": "Quadranet Enterprises Llc", "dateAdded": "2021-12-09T18:42:30-06:00"},
{"value": "Quickpacket  Llc", "dateAdded": "2021-12-09T18:42:30-06:00"},
{"value": "Racknation S.a.", "dateAdded": "2021-12-09T18:42:30-06:00"},
{"value": "Ransom_it_infrastructure", "dateAdded": "2021-12-09T18:42:30-06:00"},
{"value": "Reliablehosting.com - Network Services", "dateAdded": "2021-12-09T18:42:30-06:00"},
{"value": "Sa", "dateAdded": "2021-12-09T18:42:30-06:00"},
{"value": "Sc Canal S Srl", "dateAdded": "2021-12-09T18:42:30-06:00"},
{"value": "Securedconnectivity.net", "dateAdded": "2021-12-09T18:42:30-06:00"},
{"value": "Server Mania Inc", "dateAdded": "2021-12-09T18:42:30-06:00"},
{"value": "Serverhub Dallas", "dateAdded": "2021-12-09T18:42:30-06:00"},
{"value": "Servetheworld As", "dateAdded": "2021-12-09T18:42:30-06:00"},
{"value": "Sharktech", "dateAdded": "2021-12-09T18:42:30-06:00"},
{"value": "Softlayer Internal - Unix is", "dateAdded": "2021-12-09T18:42:30-06:00"},
{"value": "Softlayer Technologies  Inc.", "dateAdded": "2021-12-09T18:42:30-06:00"},
{"value": "Software Publications  Inc.", "dateAdded": "2021-12-09T18:42:30-06:00"},
{"value": "Stackpath  Llc.", "dateAdded": "2021-12-09T18:42:30-06:00"},
{"value": "Streamline Servers Ltd - Auckland Network", "dateAdded": "2021-12-09T18:42:30-06:00"},
{"value": "Streamline Servers Ltd - Brisbane Network", "dateAdded": "2021-12-09T18:42:30-06:00"},
{"value": "Streamline Servers Ltd - Melbourne Network", "dateAdded": "2021-12-09T18:42:30-06:00"},
{"value": "Strong Technology  Llc.", "dateAdded": "2021-12-09T18:42:30-06:00"},
{"value": "Strong Technology Llc - Atlanta", "dateAdded": "2021-12-09T18:42:30-06:00"},
{"value": "Surfshark Ltd", "dateAdded": "2021-12-09T18:42:30-06:00"},
{"value": "Surfshark Ltd.", "dateAdded": "2021-12-09T18:42:30-06:00"},
{"value": "Surfshark Ltd. (argentina)", "dateAdded": "2021-12-09T18:42:30-06:00"},
{"value": "Surfshark Ltd. (colombia)", "dateAdded": "2021-12-09T18:42:30-06:00"},
{"value": "Surfshark Ltd. (mexico)", "dateAdded": "2021-12-09T18:42:30-06:00"},
{"value": "Tefincom S.a", "dateAdded": "2021-12-09T18:42:30-06:00"},
{"value": "Tefincom S.a.", "dateAdded": "2021-12-09T18:42:30-06:00"},
{"value": "Tefincom S.a. Mx", "dateAdded": "2021-12-09T18:42:30-06:00"},
{"value": "The Web Foundry  Inc.", "dateAdded": "2021-12-09T18:42:30-06:00"},
{"value": "Think Huge Ltd", "dateAdded": "2021-12-09T18:42:30-06:00"},
{"value": "Tier.net Technologies Llc", "dateAdded": "2021-12-09T18:42:30-06:00"},
{"value": "Total Server Solutions", "dateAdded": "2021-12-09T18:42:30-06:00"},
{"value": "Total Server Solutions L.l.c.", "dateAdded": "2021-12-09T18:42:30-06:00"},
{"value": "Total Server Solutions Llc", "dateAdded": "2021-12-09T18:42:30-06:00"},
{"value": "Twenga Sa", "dateAdded": "2021-12-09T18:42:30-06:00"},
{"value": "Tzulo  Inc.", "dateAdded": "2021-12-09T18:42:30-06:00"},
{"value": "Tzulo-den", "dateAdded": "2021-12-09T18:42:30-06:00"},
{"value": "Tzulo-phx", "dateAdded": "2021-12-09T18:42:30-06:00"},
{"value": "Tzulo-rdu", "dateAdded": "2021-12-09T18:42:30-06:00"},
{"value": "Tzulo-sjc", "dateAdded": "2021-12-09T18:42:30-06:00"},
{"value": "Tzulo-tor", "dateAdded": "2021-12-09T18:42:30-06:00"},
{"value": "Ubiquity Server Solutions New York", "dateAdded": "2021-12-09T18:42:30-06:00"},
{"value": "Ubiquity Server Solutions Seattle", "dateAdded": "2021-12-09T18:42:30-06:00"},
{"value": "Uk-2 Limited", "dateAdded": "2021-12-09T18:42:30-06:00"},
{"value": "Uk2 Infrastructure", "dateAdded": "2021-12-09T18:42:30-06:00"},
{"value": "Unlimited Net  Llc", "dateAdded": "2021-12-09T18:42:30-06:00"},
{"value": "Unus  Inc.", "dateAdded": "2021-12-09T18:42:30-06:00"},
{"value": "Vegasnap  Llc", "dateAdded": "2021-12-09T18:42:30-06:00"},
{"value": "Verizon", "dateAdded": "2021-12-09T18:42:30-06:00"},
{"value": "Virtual Machine Solutions Llc", "dateAdded": "2021-12-09T18:42:30-06:00"},
{"value": "Vixionar", "dateAdded": "2021-12-09T18:42:30-06:00"},
{"value": "Vpn Consumer Network", "dateAdded": "2021-12-09T18:42:30-06:00"},
{"value": "Vpn-consumer-au", "dateAdded": "2021-12-09T18:42:30-06:00"},
{"value": "Vpn-consumer-ca", "dateAdded": "2021-12-09T18:42:30-06:00"},
{"value": "Vpn-consumer-us", "dateAdded": "2021-12-09T18:42:30-06:00"},
{"value": "Vpnunlimitedapp", "dateAdded": "2021-12-09T18:42:30-06:00"},
{"value": "Vultr Holdings  Llc", "dateAdded": "2021-12-09T18:42:30-06:00"},
{"value": "Web Werks India Pvt. Ltd.", "dateAdded": "2021-12-09T18:42:30-06:00"},
{"value": "Westhost  Inc.", "dateAdded": "2021-12-09T18:42:30-06:00"},
{"value": "Windscribe", "dateAdded": "2021-12-09T18:42:30-06:00"},
{"value": "Wisenet Webhosting", "dateAdded": "2021-12-09T18:42:30-06:00"},
{"value": "Worldstream B.v.", "dateAdded": "2021-12-09T18:42:30-06:00"},
{"value": "Worldstream Ipv4.8", "dateAdded": "2021-12-09T18:42:30-06:00"}